{
	"$schema": "https://raw.githubusercontent.com/martinring/tmlanguage/master/tmlanguage.json",
	"name": "Databind",
	"patterns": [
		{
			"include": "#keywords"
		},
		{
			"include": "#strings"
		},
		{
			"include": "#comments"
		},
		{
			"include": "#variables"
		},
		{
			"include": "#invalids"
		},
		{
			"include": "#entities"
		}
	],
	"repository": {
		"keywords": {
			"patterns": [
				{
				"name": "keyword.control.databind",
				"match": "runif|while|else"
			}, 
			{
				"name":"keyword.databind", 
				"match": "func|call|end|def|macro|tag|def|\\!|\\?"
			},
			{
				"name": "constant.regexp.databind",
				"match": "tick|load"
			},
			{
				"name": "keyword.operator.quantifier.regexp.databind",
				"match": "@a|@e|@p|@r|@s"
			}
		]
		},
		"comments": {
			"name": "comment.line.databind",
			"begin": "#",
			"end": "\n"	
		},
		"invalids": {
			"name": "invalid.databind",
			"match": "\\%"
		},
		"variables": {
			"patterns": [
				{
				"name": "variable.databind",
				"match": "\\b(var|obj|sobj|tvar|sbop|gvar|delvar|delobj)\\b"
			},
			{
				"name": "constant.numeric.databind",
				"match": "=|:|-|\\+|%=|\\*|\\/=|>|<"
			},
			{
				"name": "storage.type.numeric.go.databind",
				"match": "[0-9]|\\."
			}
	]},
		"strings": {
			"name": "string.quoted.double.databind",
			"begin": "\"",
			"end": "\"",
			"patterns": [
				{
					"name": "constant.character.escape.databind",
					"match": ""
				}
			]
		}	
	},
	"scopeName": "source.databind"
}